{"accuracy": [0.649690568447113, 0.8867060542106628, 0.9223984479904175, 0.9351873993873596, 0.9482893347740173, 0.9507361650466919, 0.9548474550247192, 0.9603385925292969, 0.9609218239784241, 0.9642221927642822], "loss": [1.196027398109436, 0.3494885265827179, 0.2356143444776535, 0.1938592493534088, 0.1573890894651413, 0.14810453355312347, 0.14015954732894897, 0.12303637713193893, 0.12221838533878326, 0.11256608366966248], "val_accuracy": [0.8417368531227112, 0.8932961821556091, 0.9133849143981934, 0.9161734580993652, 0.901547908782959, 0.9058730006217957, 0.9261325001716614, 0.90888911485672, 0.9162873029708862, 0.8936375975608826], "val_loss": [0.4804255962371826, 0.3207557201385498, 0.26296576857566833, 0.2701924741268158, 0.3615342378616333, 0.3445567786693573, 0.2756596505641937, 0.34664854407310486, 0.3234396278858185, 0.4046318233013153]}